{"agent0/value_loss": 0.05912699345499277, "agent0/policy_loss": -4.1822786442935466e-08, "agent0/dist_entropy": 1.650118350982666, "agent0/actor_grad_norm": 0.0, "agent0/critic_grad_norm": 0.09495952725410461, "agent0/ratio": 1.0, "agent0/cost_grad_norm": 0.07223283499479294, "agent0/cost_loss": 0.023525312063284218, "agent0/average_step_rewards": 0.4923160970211029, "agent1/value_loss": 0.05781906332820654, "agent1/policy_loss": 6.428745109587907e-09, "agent1/dist_entropy": 1.650118350982666, "agent1/actor_grad_norm": 0.0, "agent1/critic_grad_norm": 0.08241884410381317, "agent1/ratio": 1.0, "agent1/cost_grad_norm": 0.07302971929311752, "agent1/cost_loss": 0.02260372243821621, "agent1/average_step_rewards": 0.4923160970211029, "aver_rewards": 191.30493013167074, "aver_costs": 36.625, "_step": 1376000, "_runtime": 651, "_timestamp": 1750032135}