{"agent0/value_loss": 0.05317164819687605, "agent0/policy_loss": 3.289082087576389e-08, "agent0/dist_entropy": 1.650118350982666, "agent0/actor_grad_norm": 0.0, "agent0/critic_grad_norm": 0.06030391529202461, "agent0/ratio": 1.0, "agent0/cost_grad_norm": 0.11142221838235855, "agent0/cost_loss": 0.034374784221872685, "agent0/average_step_rewards": 0.46035584807395935, "agent1/value_loss": 0.055771828293800355, "agent1/policy_loss": -3.605382516980171e-08, "agent1/dist_entropy": 1.650118350982666, "agent1/actor_grad_norm": 0.0, "agent1/critic_grad_norm": 0.07338736206293106, "agent1/ratio": 1.0, "agent1/cost_grad_norm": 0.10300849378108978, "agent1/cost_loss": 0.03257088402286172, "agent1/average_step_rewards": 0.46035584807395935, "aver_rewards": 206.3964862851063, "aver_costs": 62.567567567567565, "_step": 9936000, "_runtime": 4794, "_timestamp": 1750037409}