{"agent0/value_loss": 0.0032939336146228016, "agent0/policy_loss": -0.007414991403929889, "agent0/dist_entropy": -0.4711849035322666, "agent0/actor_grad_norm": 5.993016242980957, "agent0/critic_grad_norm": 0.08983034640550613, "agent0/ratio": 0.9998415112495422, "agent0/cost_grad_norm": 0.0037697297520935535, "agent0/cost_loss": 0.0001073194679338485, "agent0/average_step_rewards": 3.9978458881378174, "agent1/value_loss": 0.0032196069293422623, "agent1/policy_loss": -0.028611962728900833, "agent1/dist_entropy": -0.6328797253966332, "agent1/actor_grad_norm": 5.766138076782227, "agent1/critic_grad_norm": 0.08485836535692215, "agent1/ratio": 1.0001943111419678, "agent1/cost_grad_norm": 0.004279016517102718, "agent1/cost_loss": 0.0001305727680301061, "agent1/average_step_rewards": 3.9978458881378174, "aver_rewards": 4004.153220698645, "aver_costs": 180.8125, "_step": 9936000, "_runtime": 3817, "_timestamp": 1749480435}