{"agent0/value_loss": 0.06128718858584761, "agent0/policy_loss": 3.0307855922728774e-08, "agent0/dist_entropy": 1.650118350982666, "agent0/actor_grad_norm": 0.0, "agent0/critic_grad_norm": 0.07655850052833557, "agent0/ratio": 1.0, "agent0/cost_grad_norm": 0.06921040266752243, "agent0/cost_loss": 0.01971384693868458, "agent0/average_step_rewards": 0.48495733737945557, "agent1/value_loss": 0.06123273227363825, "agent1/policy_loss": 7.596318027935922e-09, "agent1/dist_entropy": 1.650118350982666, "agent1/actor_grad_norm": 0.0, "agent1/critic_grad_norm": 0.09203039854764938, "agent1/ratio": 1.0, "agent1/cost_grad_norm": 0.07185902446508408, "agent1/cost_loss": 0.019116529957391323, "agent1/average_step_rewards": 0.48495733737945557, "aver_rewards": 246.58944350426043, "aver_costs": 44.885714285714286, "_step": 736000, "_runtime": 352, "_timestamp": 1750032504}